project,file,id,line,column,original,replacement,coding,temperature,label
Complex.js,complex.js,909,989,38,2 * a,2 * b,Behavioral Change,LLMorpheus,0
spacl-core,src/matcher.ts,69,48,60,'1.1',"""""",Behavioral Change,Stryker,0
node-jsonfile,utils.js,148,11,26,/^\uFEFF/,/^\uFEFF/g,Equivalent,LLMorpheus,1
crawler-url-parser,crawler-url-parser.js,122,108,23,text == null,text != null,Behavioral Change,Stryker,0
spacl-core,src/rule.ts,203,50,22,path,path.toLowerCase(),Behavioral Change,LLMorpheus,0
node-dirty,lib/dirty/dirty.js,200,152,23,'error','close',Behavioral Change,LLMorpheus,0
plural,index.js,25,16,50,w.substr,w.substring,Equivalent,LLMorpheus,1
q,q.js,534,825,33,"""rejected""","""""",Behavioral Change,Stryker,0
pull-stream,sources/once.js,332,6,8,abort,abort && value,Behavioral Change,LLMorpheus,0
q,q.js,1520,1647,17,pendingCount === 0,pendingCount < 0,Behavioral Change,LLMorpheus,0
node-geo-point,src/geo-point.ts,210,157,30,x,x + 1,Behavioral Change,LLMorpheus,0
plural,index.js,137,76,7,num !== 1,num === 1,Behavioral Change,Stryker,0
Complex.js,complex.js,1003,1088,19,-x['im'],+x['im'],Behavioral Change,Stryker,0
crawler-url-parser,crawler-url-parser.js,218,147,93,'/',' ',Behavioral Change,LLMorpheus,0
delta,src/Delta.ts,645,511,13,typeof thisData =,typeof thisData === 'object' || thisData !== null,Behavioral Change,Stryker,0
node-geo-point,src/geo-point.ts,16,38,41,typeof longitude !== 'number',false,Behavioral Change,Stryker,0
crawler-url-parser,crawler-url-parser.js,18,40,16,"baseUrlStr.replace(/#.*$/, '')","baseUrlStr.replace(/#.*$/, ' ')",Behavioral Change,LLMorpheus,0
crawler-url-parser,crawler-url-parser.js,187,162,57,/(\/[^\/]*)[\/]?$/,/(\/[^\/]*)[^\/]?$/,Behavioral Change,Stryker,0
crawler-url-parser,crawler-url-parser.js,151,147,71,/\/default\.[a-z]+$/,/\/default\.[a-z]$/,Behavioral Change,Stryker,0
node-geo-point,src/geo-point.ts,220,185,15,Math.floor,Math.trunc,Behavioral Change,LLMorpheus,0
node-dirty,lib/dirty/dirty.js,54,62,5,"this.set(key, undefined, cb)","this.set(key, undefined, null)",Behavioral Change,LLMorpheus,0
plural,index.js,172,49,57,/a/,/a|b/,Behavioral Change,LLMorpheus,0
delta,src/AttributeMap.ts,11,17,32,f (typeof b !== 'object'),{},Equivalent,Stryker,1
image-downloader,index.js,41,20,32,options.dest,"options.dest.replace('bar', 'baz')",Behavioral Change,LLMorpheus,0
delta,src/Delta.ts,319,310,13,"isEqual(delta.ops[delta.ops.length - 1], newOp)","isEqual(delta.ops[Math.floor(delta.ops.length / 2)], newOp)",Behavioral Change,LLMorpheus,0
delta,src/Delta.ts,470,340,33,f (this.ops === other.ops),{},Behavioral Change,Stryker,0
delta,src/Delta.ts,83,8,44,0,,Behavioral Change,LLMorpheus,0
q,q.js,623,767,33,resolve,reject,Behavioral Change,LLMorpheus,0
node-dirty,lib/dirty/dirty.js,204,152,32,new Error(`Corrupted row at the end of the db: ${buffer}`),new Error(`Corrupted row at the end of the db: ${buffer.split('').reverse().join('')}`),Behavioral Change,LLMorpheus,0
crawler-url-parser,crawler-url-parser.js,113,102,36,f (urlMap.has(currentUrl.url)),{},Behavioral Change,Stryker,0
q,q.js,502,766,62,"or (var i = 0, len = answerPs.length; i < len; i++)",{},Behavioral Change,Stryker,0
node-geo-point,src/geo-point.ts,260,210,12,"GeoPoint.calculateBearing(this, point)","GeoPoint.calculateBearing(point, this)",Behavioral Change,LLMorpheus,0
plural,index.js,61,23,9,/thesis|crisis/i,/thesis|crisis|thesis|crisis/i,Behavioral Change,LLMorpheus,0
node-dirty,lib/dirty/dirty.js,102,151,15,buffer.length,false,Behavioral Change,Stryker,0
pull-stream,throughs/through.js,710,15,10,end,end || true,Equivalent,LLMorpheus,1
node-dirty,lib/dirty/dirty.js,250,189,41,"this.emit('error', err)","this.emit('error', new Error('Something went wrong'))",Behavioral Change,LLMorpheus,0
pull-stream,sinks/drain.js,92,27,38,true,false,Behavioral Change,Stryker,0
image-downloader,index.js,43,20,46,decodedBasename,decodedBasename.toLowerCase(),Behavioral Change,LLMorpheus,0
q,q.js,290,398,9,"object_defineProperty(error, ""stack"", {value: stack, configurable: true})","object_defineProperty(error, ""stack"", {
  value: stack,
  writable: false
})",Behavioral Change,LLMorpheus,0
q,q.js,1649,1819,19,fulfilled,progressed,Behavioral Change,LLMorpheus,0
node-dirty,lib/dirty/dirty.js,158,126,17,!rowStr,rowStr.length === 0,Equivalent,LLMorpheus,1
node-dirty,lib/dirty/dirty.js,92,139,22,'',"""Stryker was here!""",Behavioral Change,Stryker,0
node-geo-point,src/geo-point.ts,272,219,39,this,undefined,Behavioral Change,LLMorpheus,0
spacl-core,src/matcher.ts,94,67,18,min > 0,true,Behavioral Change,Stryker,0
q,q.js,848,1521,3,"""try""","""""",Behavioral Change,Stryker,0
delta,src/Delta.ts,687,570,5,typeof module === 'object',typeof module === 'undefined',Behavioral Change,LLMorpheus,0
plural,index.js,51,34,16,'s',"""""",Behavioral Change,Stryker,0
crawler-url-parser,crawler-url-parser.js,207,147,17,"pageurl_path.replace(/\/index\.[a-z]+$/, '/')","pageurl_path.replace(/\/index\.[a-z]+$/, ' ')",Behavioral Change,LLMorpheus,0
crawler-url-parser,crawler-url-parser.js,35,47,49,true,,Behavioral Change,LLMorpheus,0
plural,index.js,129,67,9,/ics$/i,/ics/i,Behavioral Change,Stryker,0
node-geo-point,src/geo-point.ts,263,210,38,this,undefined,Behavioral Change,LLMorpheus,0
q,q.js,483,717,34,.passByCopy = function (object),{},Behavioral Change,Stryker,0
plural,index.js,266,84,55,word,word.slice(1),Behavioral Change,LLMorpheus,0
Complex.js,complex.js,956,1068,20,'re',"""""",Behavioral Change,Stryker,0
spacl-core,src/matcher.ts,4,12,20,/^[a-zA-Z0-9_/:~.$+*-]*$/,/^[a-zA-Z0-9_/:~.$+*-]*$/i,Equivalent,LLMorpheus,1
node-dirty,lib/dirty/dirty.js,39,39,20,() => { if (cb) cb(); this.emit('drain'); },"() => {
  if (cb) cb();
  this.emit('drain', this);
}",Equivalent,LLMorpheus,1
crawler-url-parser,crawler-url-parser.js,3,8,12,true,false,Equivalent,Stryker,1
delta,src/Delta.ts,317,310,13,"isEqual(delta.ops[delta.ops.length - 1], newOp)","isEqual(delta.ops[delta.ops.length - 2], newOp)",Behavioral Change,LLMorpheus,0
node-jsonfile,index.js,46,50,41,options,options.throws,Behavioral Change,LLMorpheus,0
spacl-core,src/matcher.ts,61,90,49,"(acc, seg) => seg + acc","(acc, seg) => seg.concat(acc)",Equivalent,LLMorpheus,1
node-jsonfile,utils.js,149,11,26,/^\uFEFF/,/^\uFEFF/i,Equivalent,LLMorpheus,1
pull-stream,throughs/flatten.js,551,13,16,err || abort,err || !abort,Behavioral Change,LLMorpheus,0
node-dirty,lib/dirty/dirty.js,91,138,44,`Could not load corrupted row: ${rowStr}`,``,Behavioral Change,Stryker,0
node-dirty,lib/dirty/dirty.js,44,92,9,this._writeStream,true,Behavioral Change,Stryker,0
delta,src/Delta.ts,157,141,15,typeof newOp.attributes === 'object',newOp.attributes !== undefined,Equivalent,LLMorpheus,1
spacl-core,src/rule.ts,220,65,9,count > 0,count !== 0,Equivalent,LLMorpheus,1
pull-stream,throughs/take.js,371,19,26,err || true,true,Behavioral Change,Stryker,0
pull-stream,sinks/reduce.js,175,16,27,end === true,false,Behavioral Change,Stryker,0
pull-stream,pull.js,84,24,41,ref[1],ref[0],Behavioral Change,LLMorpheus,0
plural,index.js,4,6,41,obj,obj.valueOf(),Equivalent,LLMorpheus,1
pull-stream,pull.js,4,5,7,typeof a === 'function',true,Behavioral Change,Stryker,0
q,q.js,884,1598,29,--pendingCount === 0,--pendingCount !== 0,Behavioral Change,Stryker,0
crawler-url-parser,crawler-url-parser.js,250,165,8,linkurl_path.includes(pageurl_path),linkurl_path.startsWith(pageurl_path),Behavioral Change,LLMorpheus,0
Complex.js,complex.js,762,816,19,-1,+1,Behavioral Change,Stryker,0
q,q.js,125,210,16,"typeof MessageChannel !== ""undefined""",false,Behavioral Change,Stryker,0
countries-and-timezones,src/build-timezone.js,56,30,17,Math.floor,Math.trunc,Behavioral Change,LLMorpheus,0
plural,index.js,169,49,47,"w.replace(/a/, 'e')","w.replace(/a/g, 'e')",Equivalent,LLMorpheus,1
node-geo-point,src/geo-point.ts,274,219,45,point,point.longitude,Behavioral Change,LLMorpheus,0
node-geo-point,src/geo-point.ts,96,110,17,r > 1 ? 1 : r,r < 0 ? 0 : r,Behavioral Change,LLMorpheus,0
pull-stream,throughs/through.js,721,17,27,data,undefined,Behavioral Change,LLMorpheus,0
node-geo-point,src/geo-point.ts,67,72,9,!Array.isArray(point.coordinates) || point.coordinates.length !== 2,false,Behavioral Change,Stryker,0
q,q.js,1049,1228,16,Q,Q.reject,Behavioral Change,LLMorpheus,0
crawler-url-parser,crawler-url-parser.js,114,104,9,!tmpUrl.text.includes(text),tmpUrl.text.includes(text),Behavioral Change,Stryker,0
plural,index.js,169,84,34,'Function',"""""",Behavioral Change,Stryker,0
pull-stream,throughs/filter.js,288,13,16,true,false,Behavioral Change,Stryker,0
crawler-url-parser,crawler-url-parser.js,99,97,7,"typeof href == ""undefined"" || href.length < 3","typeof href == ""undefined"" && href.length < 3",Behavioral Change,Stryker,0
delta,src/Delta.ts,324,310,21,delta.ops[delta.ops.length - 1],delta.ops[Math.floor(Math.random() * delta.ops.length)],Behavioral Change,LLMorpheus,0
q,q.js,393,485,16,"callback.apply(callback, arguments)","callback.apply(callback, arguments[0])",Behavioral Change,LLMorpheus,0
node-geo-point,src/geo-point.ts,4,42,9,latitude < -90 || latitude > 90,latitude < -90 || latitude > 90 || latitude === 90,Behavioral Change,LLMorpheus,0
delta,src/AttributeMap.ts,6,14,32,f (typeof a !== 'object'),{},Equivalent,Stryker,1
pull-stream,sources/once.js,356,10,10,,'',Behavioral Change,LLMorpheus,0
plural,index.js,59,42,9,'cello',"""""",Behavioral Change,Stryker,0
pull-stream,throughs/through.js,404,10,11,abort === true,abort !== true,Behavioral Change,Stryker,0
crawler-url-parser,crawler-url-parser.js,38,40,43,'',"""Stryker was here!""",Behavioral Change,Stryker,0
node-geo-point,src/geo-point.ts,211,157,30,x,Math.sin(x),Behavioral Change,LLMorpheus,0
node-geo-point,src/geo-point.ts,24,42,9,latitude < -90,false,Behavioral Change,Stryker,0
countries-and-timezones,src/index.js,175,49,18,"getCountriesForTimezone(tzName, options)","getCountriesForTimezone(tzName, options, null)",Equivalent,LLMorpheus,1
crawler-url-parser,crawler-url-parser.js,153,147,93,'/',"""""",Behavioral Change,Stryker,0
Complex.js,complex.js,987,1082,12,b !== 0,true,Behavioral Change,Stryker,0
Complex.js,complex.js,83,106,12,a * Math.sqrt(1 + b * b),a / Math.sqrt(1 + b * b),Behavioral Change,Stryker,0
delta,src/Delta.ts,359,245,7,,{},Behavioral Change,Stryker,0
node-dirty,lib/dirty/dirty.js,36,87,29,this._inFlightWrites > 0,false,Behavioral Change,Stryker,0
crawler-url-parser,crawler-url-parser.js,115,104,9,!tmpUrl.text.includes(text),true,Behavioral Change,Stryker,0
plural,index.js,261,84,21,rule[1],rule[0],Behavioral Change,LLMorpheus,0
pull-stream,sinks/drain.js,89,27,23,end && end !== true,end || end !== true,Behavioral Change,Stryker,0
delta,src/AttributeMap.ts,41,44,9,typeof b !== 'object',false,Equivalent,Stryker,1
delta,src/Delta.ts,99,51,9,!handler,handler === undefined,Equivalent,LLMorpheus,1
spacl-core,src/matcher.ts,16,26,9,spec.match(/[^/]:|:\/|:$/) !== null,spec.match(/[^/]:|:\/|:$/) !== null && spec.match(/[^/]:|:\/|:$/) !== undefined,Equivalent,LLMorpheus,1
spacl-core,src/matcher.ts,82,111,24,/:.+/,/:.?/,Behavioral Change,LLMorpheus,0
Complex.js,complex.js,912,1007,38,2 * a,2 / a,Behavioral Change,Stryker,0
node-geo-point,src/geo-point.ts,10,60,9,!isObject(point),point.coordinates.length !== 2,Behavioral Change,LLMorpheus,0
delta,src/Delta.ts,82,8,44,0,-1,Behavioral Change,LLMorpheus,0
spacl-core,src/policymap.ts,161,30,22,path,path.toLowerCase(),Behavioral Change,LLMorpheus,0
plural,index.js,278,105,27,num,0,Behavioral Change,LLMorpheus,0
delta,src/Delta.ts,683,557,18,nextType === 'insert' && (offset < index || !priority),nextType === 'insert' && (offset > index || !priority),Behavioral Change,LLMorpheus,0
countries-and-timezones,src/build-country.js,18,32,11,!result[country],result[country] === undefined,Equivalent,LLMorpheus,1
q,q.js,1634,1800,14,object,0,Behavioral Change,LLMorpheus,0
node-dirty,lib/dirty/dirty.js,113,166,26,'drain',"""""",Behavioral Change,Stryker,0
q,q.js,968,1822,9,"typeof process === ""object"" && process && process.domain","typeof process === ""object"" && process || process.domain",Behavioral Change,Stryker,0
delta,src/Delta.ts,385,365,27,otherIter.next(opLength),otherIter.next(opLength * 2),Behavioral Change,LLMorpheus,0
plural,index.js,268,103,7,String.prototype.plural === undefined,"String.prototype.plural = function (num) {
  return num > 1 ? this + 's' : this;
}",Behavioral Change,LLMorpheus,0
crawler-url-parser,crawler-url-parser.js,136,144,51,"""""","""Stryker was here!""",Behavioral Change,Stryker,0
pull-stream,sources/count.js,295,9,5,"cb(null, i++)","cb(undefined, i++)",Behavioral Change,LLMorpheus,0
plural,index.js,56,40,22,'bacteria',"""""",Behavioral Change,Stryker,0
q,q.js,1471,1604,25,deferred.notify,deferred.resolve,Behavioral Change,LLMorpheus,0
plural,index.js,273,105,14,"plural(this, num)","plural(num + 1, this)",Behavioral Change,LLMorpheus,0
Complex.js,complex.js,293,334,11,this['isInfinite']() && z['isInfinite'](),this['isInfinite']() || z['isInfinite'](),Behavioral Change,LLMorpheus,0
q,q.js,1800,1951,11,callback,,Behavioral Change,LLMorpheus,0
q,q.js,949,1781,39,eturn this.then(function (value),{},Behavioral Change,Stryker,0
delta,src/Delta.ts,436,407,12,iter.hasNext(),iter.hasNext() && iter.peekLength() > 0,Equivalent,LLMorpheus,1
Complex.js,complex.js,231,243,28,parseFloat,Number,Behavioral Change,LLMorpheus,0
image-downloader,index.js,46,24,7,!path.isAbsolute(options.dest),path.isAbsolute(options.dest),Behavioral Change,LLMorpheus,0
q,q.js,1658,1823,48,onUnhandledError,onUnhandledError.apply(null),Behavioral Change,LLMorpheus,0
pull-stream,throughs/map.js,607,7,6,!mapper,mapper !== mapper,Behavioral Change,LLMorpheus,0
spacl-core,src/matcher.ts,38,39,30,string.endsWith,string.indexOf,Behavioral Change,LLMorpheus,0
Complex.js,complex.js,1009,1131,11,b === 0,a === 0,Behavioral Change,LLMorpheus,0
node-geo-point,src/geo-point.ts,27,72,9,!Array.isArray(point.coordinates) || point.coordinates.length !== 2,point.coordinates.length > 2,Behavioral Change,LLMorpheus,0
countries-and-timezones,src/build-country.js,6,18,7,!timezonesMap,timezonesMap === undefined,Equivalent,LLMorpheus,1
Complex.js,complex.js,866,905,23,-b,+b,Behavioral Change,Stryker,0
node-geo-point,src/geo-point.ts,22,42,9,latitude < -90 || latitude > 90,false,Behavioral Change,Stryker,0
delta,src/Op.ts,694,18,16,typeof op.retain === 'object' && op.retain !== null,typeof op.retain === 'string',Behavioral Change,LLMorpheus,0
node-dirty,lib/dirty/dirty.js,222,169,50,'drain','close',Behavioral Change,LLMorpheus,0
delta,src/Delta.ts,322,310,21,delta.ops[delta.ops.length - 1],delta.ops[0],Behavioral Change,LLMorpheus,0
Complex.js,complex.js,407,484,34,"Math.pow(b, z['re'])","Math.pow(b, z['re'] + 1)",Behavioral Change,LLMorpheus,0
node-geo-point,src/geo-point.ts,195,151,33,cos,sin,Behavioral Change,LLMorpheus,0
delta,src/Delta.ts,626,498,28,f (thisOp.delete),{},Behavioral Change,Stryker,0
pull-stream,pull.js,43,42,16,s && typeof s === 'object',true,Behavioral Change,Stryker,0
delta,src/Delta.ts,486,349,49,'with',"""""",Behavioral Change,Stryker,0
node-geo-point,src/geo-point.ts,255,201,48,distance,distance / 2,Behavioral Change,LLMorpheus,0
node-dirty,lib/dirty/dirty.js,46,92,50,() => this._writeStream.destroy(),() => undefined,Behavioral Change,Stryker,0
Complex.js,complex.js,769,749,10,Math.cos,Math.tan,Behavioral Change,LLMorpheus,0
node-jsonfile,index.js,47,50,41,options,options.reviver,Behavioral Change,LLMorpheus,0
delta,src/Delta.ts,482,349,24,delta === other,true,Behavioral Change,Stryker,0
delta,src/Delta.ts,257,254,11,firstOther.retain - firstLeft > 0,firstOther.retain - firstLeft !== 0,Behavioral Change,LLMorpheus,0
plural,index.js,50,22,71,w.substr,w.substring,Equivalent,LLMorpheus,1
image-downloader,index.js,4,6,12,Promise.reject,Promise.all,Behavioral Change,LLMorpheus,0
node-geo-point,src/geo-point.ts,35,85,9,!isObject(object),object.constructor !== Object,Equivalent,LLMorpheus,1
node-dirty,lib/dirty/dirty.js,71,122,15,chunk.lastIndexOf('\n') === -1,false,Behavioral Change,Stryker,0
q,q.js,455,570,55,resolvedPromise,,Behavioral Change,LLMorpheus,0
delta,src/Delta.ts,363,248,9,thisIter.peekType() === 'insert',thisIter.peekType() !== 'insert',Behavioral Change,Stryker,0
q,q.js,806,1389,69,"eturn spread([this, all(arguments)], function (self, args)",{},Behavioral Change,Stryker,0
countries-and-timezones,src/index.js,139,77,16,xport default,{},Behavioral Change,Stryker,0
node-jsonfile,index.js,110,78,38,options,undefined,Behavioral Change,LLMorpheus,0
node-geo-point,src/geo-point.ts,254,201,48,distance,distance * 2,Behavioral Change,LLMorpheus,0
node-dirty,lib/dirty/dirty.js,104,152,23,'error',"""""",Behavioral Change,Stryker,0
image-downloader,index.js,21,14,23,options.dest,options.dest.split('/').pop(),Behavioral Change,LLMorpheus,0
crawler-url-parser,crawler-url-parser.js,21,40,35,/#.*$/,/^#.*$/,Equivalent,LLMorpheus,1
q,q.js,1542,1683,20,"array_map(promises, Q)","array_map(promises, Q.reject)",Behavioral Change,LLMorpheus,0
Complex.js,complex.js,730,730,28,b,b + 1,Behavioral Change,LLMorpheus,0
node-geo-point,src/geo-point.ts,41,89,9,!object.hasOwnProperty('latitude') || !object.hasOwnProperty('longitude'),object.latitude === undefined || object.longitude === undefined,Equivalent,LLMorpheus,1
Complex.js,complex.js,1081,1169,11,-b / d,-b * d,Behavioral Change,Stryker,0
node-dirty,lib/dirty/dirty.js,96,87,9,this._queue.size || this._inFlightWrites > 0,this._queue.size && this._inFlightWrites > 0,Behavioral Change,LLMorpheus,0
image-downloader,lib/request.js,34,13,26,'Request Failed.\n',"""""",Behavioral Change,Stryker,0
image-downloader,index.js,6,6,27,new Error('The options.url is required'),new Error('The options.url is not a valid URL'),Behavioral Change,LLMorpheus,0
spacl-core,src/matcher.ts,34,22,9,/[*+][^/]|[^/][*+]/,/[^*+][^/]|[^/][*+]/,Behavioral Change,Stryker,0
plural,index.js,274,105,21,this,,Behavioral Change,LLMorpheus,0
node-dirty,lib/dirty/dirty.js,116,168,11,!this._queue.size,this._queue.size,Behavioral Change,Stryker,0
plural,index.js,179,109,21,'Unable to add plural function to String object',"""""",Behavioral Change,Stryker,0
crawler-url-parser,crawler-url-parser.js,181,161,57,/(\/[^\/]*)[\/]?$/,/(\/[^\/]*)[^\/]?$/,Behavioral Change,Stryker,0
node-dirty,lib/dirty/dirty.js,55,106,55,"his._readStream = fs.createReadStream(this.path,",{},Behavioral Change,Stryker,0
crawler-url-parser,crawler-url-parser.js,112,102,8,urlMap.has(currentUrl.url),false,Behavioral Change,Stryker,0
q,q.js,175,291,32,index++,index = 0,Behavioral Change,LLMorpheus,0
plural,index.js,121,61,36,'heroic',"""""",Behavioral Change,Stryker,0
delta,src/Op.ts,692,18,16,typeof op.retain === 'object' && op.retain !== null,op.retain === null,Behavioral Change,LLMorpheus,0
pull-stream,util/prop.js,457,6,56,v && v[0],false,Behavioral Change,Stryker,0
node-geo-point,src/geo-point.ts,31,42,42,f (latitude < -90 || latitude > 90),{},Behavioral Change,Stryker,0
spacl-core,src/matcher.ts,3,12,20,/^[a-zA-Z0-9_/:~.$+*-]*$/,/^[a-zA-Z0-9_/:~.$+*-]*$/g,Equivalent,LLMorpheus,1
node-dirty,lib/dirty/dirty.js,108,156,28,"on('close', () =>",{},Behavioral Change,Stryker,0
Complex.js,complex.js,643,612,11,b === 0 && a > 0,false,Equivalent,Stryker,1
plural,index.js,60,42,18,'cellos',"""""",Behavioral Change,Stryker,0
delta,src/Delta.ts,340,333,18,other.ops[0],other.ops[Math.floor(Math.random() * other.ops.length)],Behavioral Change,LLMorpheus,0
Complex.js,complex.js,1170,1283,43,'im',"""""",Behavioral Change,Stryker,0
delta,src/Delta.ts,210,204,11,elem.insert,elem.retain,Behavioral Change,LLMorpheus,0
delta,src/AttributeMap.ts,0,14,9,typeof a !== 'object',a === null,Behavioral Change,LLMorpheus,0
spacl-core,src/matcher.ts,54,29,20,/^.+\/$/,/.+\/$/,Equivalent,Stryker,1
spacl-core,src/matcher.ts,80,111,13,part.match(/:.+/) !== null,part.match(/:.+/) !== null && part.match(/:.+/) !== undefined,Equivalent,LLMorpheus,1
plural,index.js,69,23,48,w.substr,w.slice,Equivalent,LLMorpheus,1
delta,src/Delta.ts,374,364,24,Math.min,Math.abs,Behavioral Change,LLMorpheus,0
image-downloader,index.js,22,24,39,f (!path.isAbsolute(options.dest)),{},Behavioral Change,Stryker,0
node-dirty,lib/dirty/dirty.js,103,88,26,() => this.close(),() => this.close(true),Equivalent,LLMorpheus,1
countries-and-timezones,src/index.js,98,17,7,totalTimezones !== memoizedTimezones,totalTimezones !== memoizedTimezones + 1,Behavioral Change,LLMorpheus,0
countries-and-timezones,src/index.js,204,64,9,!tzs[key].deprecated,tzs[key].deprecated !== true,Equivalent,LLMorpheus,1
q,q.js,532,825,13,"inspected.state === ""rejected""",false,Behavioral Change,Stryker,0
node-jsonfile,index.js,73,68,9,"universalify.fromCallback(fs.writeFile)(file, str, options)","universalify.fromCallback(fs.writeFile)(file, str, options.throws)",Behavioral Change,LLMorpheus,0
crawler-url-parser,crawler-url-parser.js,263,167,8,pageurl_path.includes,pageurl_path.startsWith,Behavioral Change,LLMorpheus,0
Complex.js,complex.js,1038,1226,25,10,Infinity,Behavioral Change,LLMorpheus,0
delta,src/Delta.ts,129,99,9,typeof length === 'number' && length <= 0,length === 0,Behavioral Change,LLMorpheus,0
node-geo-point,src/geo-point.ts,26,72,9,!Array.isArray(point.coordinates) || point.coordinates.length !== 2,point.coordinates.length < 2,Behavioral Change,LLMorpheus,0
q,q.js,1875,1978,28,arguments,,Behavioral Change,LLMorpheus,0
Complex.js,complex.js,968,1074,15,oneMinus * oneMinus + b * b,oneMinus * oneMinus - b * b,Behavioral Change,Stryker,0
node-geo-point,src/geo-point.ts,162,143,22,distance,distance + 1,Behavioral Change,LLMorpheus,0
pull-stream,pull.js,32,34,50,f (read && typeof read.source === 'function'),{},Behavioral Change,Stryker,0
q,q.js,43,58,78,"else if (typeof window !== ""undefined"" || typeof self !== ""undefined"")",{},Behavioral Change,Stryker,0
plural,index.js,96,28,9,/[^aeiouy]o$/i,/[^aeiouy]o$/,Behavioral Change,LLMorpheus,0
spacl-core,src/matcher.ts,68,39,52,f (string.length > 1 && string.endsWith('/')),{},Behavioral Change,Stryker,0
delta,src/Delta.ts,376,364,33,otherIter.peekLength(),otherIter.peekLength() + 1,Behavioral Change,LLMorpheus,0
plural,index.js,208,67,18,function(w) { return w },"function (w) {
  return w.toLowerCase();
}",Behavioral Change,LLMorpheus,0
plural,index.js,116,40,22,'bacteria','bacterium',Behavioral Change,LLMorpheus,0
countries-and-timezones,src/index.js,87,12,40,"getCountry(id, options)","getCountry(id, options, null)",Equivalent,LLMorpheus,1
q,q.js,777,1280,31,unction async(makeGenerator),{},Behavioral Change,Stryker,0
node-dirty,lib/dirty/dirty.js,125,170,14,else,{},Behavioral Change,Stryker,0
pull-stream,sinks/find.js,231,22,8,err === true ? null : err,err ? err : null,Behavioral Change,LLMorpheus,0
delta,src/Delta.ts,383,365,27,otherIter.next(opLength),otherIter.next(opLength + 1),Behavioral Change,LLMorpheus,0
crawler-url-parser,crawler-url-parser.js,96,97,7,"typeof href == ""undefined"" || href.length < 3 || /^(javascript|mailto:|ftp:)/ig.test(href)",false,Behavioral Change,Stryker,0
plural,index.js,47,33,24,w === 'roof',false,Behavioral Change,Stryker,0
node-geo-point,src/geo-point.ts,77,85,9,!isObject(object),false,Behavioral Change,Stryker,0
image-downloader,index.js,27,17,38,pathname,pathname.split('/').pop(),Equivalent,LLMorpheus,1
crawler-url-parser,crawler-url-parser.js,202,146,93,'/',' ',Behavioral Change,LLMorpheus,0
q,q.js,539,831,17,"inspected.state === ""pending""","inspected.state === ""pending"" && inspected.state === ""rejected""",Behavioral Change,Stryker,0
node-dirty,lib/dirty/dirty.js,39,87,55,f (this._queue.size || this._inFlightWrites > 0),{},Behavioral Change,Stryker,0
Complex.js,complex.js,290,246,40,minus % 2,minus * 2,Behavioral Change,Stryker,0
pull-stream,pull.js,33,10,11,args == null,args.length === 0,Behavioral Change,LLMorpheus,0
pull-stream,util/prop.js,455,6,23,{ var v = key.exec(data); return v && v[0] },{},Behavioral Change,Stryker,0
plural,index.js,235,80,41,rule[0].test,rule[0].exec,Behavioral Change,LLMorpheus,0
q,q.js,829,1458,36,[key],[],Behavioral Change,Stryker,0
node-jsonfile,index.js,21,25,11,"JSON.parse(data, options ? options.reviver : null)","JSON.parse(data, options ? options.reviver : 'null')",Behavioral Change,LLMorpheus,0
q,queue.js,1056,27,40,"""Can't get value from closed queue""","""""",Behavioral Change,Stryker,0
image-downloader,lib/request.js,42,24,9,'error',"""""",Behavioral Change,Stryker,0
node-dirty,lib/dirty/dirty.js,63,62,30,cb,() => {},Behavioral Change,LLMorpheus,0
q,q.js,674,825,13,"inspected.state === ""rejected""","inspected.state === ""fulfilled""",Behavioral Change,LLMorpheus,0
node-geo-point,src/geo-point.ts,164,143,22,distance,distance / 2,Behavioral Change,LLMorpheus,0
crawler-url-parser,crawler-url-parser.js,94,95,14,$(this).text().trim(),$(this).text(),Behavioral Change,Stryker,0
q,q.js,151,280,16,o,{},Behavioral Change,Stryker,0
spacl-core,src/rule.ts,195,35,24,verbs,verbs.filter(verb => verb !== 'GET'),Behavioral Change,LLMorpheus,0
q,q.js,49,75,12,else,{},Behavioral Change,Stryker,0
spacl-core,src/matcher.ts,21,26,20,/[^/]:|:\/|:$/,/[^/]:|:\/|:$/i,Behavioral Change,LLMorpheus,0
delta,src/Delta.ts,698,570,5,typeof module === 'object',true,Behavioral Change,Stryker,0
q,q.js,538,662,17,progressListener,progressListeners[progressListeners.length - 1],Behavioral Change,LLMorpheus,0
pull-stream,throughs/async-map.js,493,39,23,,'',Behavioral Change,LLMorpheus,0
plural,index.js,272,105,14,"plural(this, num)","plural(num, this)",Behavioral Change,LLMorpheus,0
pull-stream,throughs/filter.js,524,16,41,"next(end, cb)","next(end, data)",Behavioral Change,LLMorpheus,0
node-geo-point,src/geo-point.ts,52,64,9,!point.hasOwnProperty('type') || !point.hasOwnProperty('coordinates'),false,Behavioral Change,Stryker,0
q,q.js,529,823,9,inspect,false,Behavioral Change,Stryker,0
delta,src/Op.ts,719,18,37,'object',"""""",Behavioral Change,Stryker,0
pull-stream,pull.js,19,10,25,f (args == null),{},Behavioral Change,Stryker,0
image-downloader,lib/request.js,35,14,26,`Status Code: ${res.statusCode}`,``,Behavioral Change,Stryker,0
plural,index.js,125,42,9,'cello','cellos',Behavioral Change,LLMorpheus,0
crawler-url-parser,crawler-url-parser.js,143,104,9,!tmpUrl.text.includes(text),tmpUrl.text.includes(text),Behavioral Change,LLMorpheus,0
Complex.js,complex.js,1061,1146,12,b !== 0,true,Behavioral Change,Stryker,0
delta,src/AttributeMap.ts,39,50,13,"!isEqual(a[key], b[key])","!isEqual(a[key], b[key]) && a[key] !== null && b[key] !== null",Behavioral Change,LLMorpheus,0
crawler-url-parser,crawler-url-parser.js,144,146,71,/\/default\.[a-z]+$/,/\/default\.[^a-z]+$/,Behavioral Change,Stryker,0
spacl-core,src/matcher.ts,36,22,9,/[*+][^/]|[^/][*+]/,/[*+][^/]|[/][*+]/,Behavioral Change,Stryker,0
plural,index.js,271,105,14,"plural(this, num)","plural(this.length, num)",Behavioral Change,LLMorpheus,0
node-geo-point,src/geo-point.ts,12,38,9,typeof latitude !== 'number' || typeof longitude !== 'number',typeof latitude !== 'number' && typeof longitude !== 'number',Equivalent,Stryker,1
q,q.js,803,1387,29,unction promised(callback),{},Behavioral Change,Stryker,0
q,q.js,1033,2051,49,romise.prototype.nodeify = function (nodeback),{},Behavioral Change,Stryker,0
q,q.js,375,483,26,""" instead.""","""""",Behavioral Change,Stryker,0
delta,src/Delta.ts,361,355,53,cursor,cursor + 1,Behavioral Change,LLMorpheus,0
node-geo-point,src/geo-point.ts,72,72,78,f (!Array.isArray(point.coordinates) || point.coordinates.length !== 2),{},Behavioral Change,Stryker,0
node-jsonfile,index.js,13,19,65,options,,Behavioral Change,LLMorpheus,0
delta,src/Delta.ts,423,291,19,action === 'retain',false,Behavioral Change,Stryker,0
delta,src/Delta.ts,420,281,65,'retain',"""""",Behavioral Change,Stryker,0
spacl-core,src/rule.ts,230,71,13,prop === undefined || match[index + 1] !== prop,prop === null || match[index + 1] !== prop,Behavioral Change,LLMorpheus,0
node-geo-point,src/geo-point.ts,266,210,44,point,point.latitude + 1,Behavioral Change,LLMorpheus,0
pull-stream,throughs/async-map.js,491,39,23,,undefined,Behavioral Change,LLMorpheus,0
crawler-url-parser,crawler-url-parser.js,240,162,57,/(\/[^\/]*)[\/]?$/,/(\/[^\/]*)[\/]?$/g,Equivalent,LLMorpheus,1
node-jsonfile,index.js,101,78,10,"fs.writeFileSync(file, str, options)","fs.writeFileSync(file, str, options.reviver)",Behavioral Change,LLMorpheus,0
Complex.js,complex.js,275,281,27,isNaN,Number.isNaN,Equivalent,LLMorpheus,1
countries-and-timezones,src/index.js,155,39,35,timezone,timezone.countries,Behavioral Change,LLMorpheus,0
crawler-url-parser,crawler-url-parser.js,45,55,23,"URL.parse(baseUrlStr, true, true)","URL.parse(baseUrlStr, false, true)",Behavioral Change,LLMorpheus,0
node-geo-point,src/geo-point.ts,201,154,21,sinφ2,sinφ1,Behavioral Change,LLMorpheus,0
pull-stream,sinks/drain.js,87,27,23,end && end !== true,true,Behavioral Change,Stryker,0
spacl-core,src/policy.ts,122,48,24,this.rules,"this.rules.filter(rule => rule.matches(path, ctx))",Equivalent,LLMorpheus,1
delta,src/Delta.ts,353,355,24,"diff(strings[0], strings[1], cursor)","diff(strings[0], strings[1], null)",Behavioral Change,LLMorpheus,0
pull-stream,throughs/take.js,677,30,16,ended,ended && !test(data),Behavioral Change,LLMorpheus,0
image-downloader,index.js,11,10,37,'The options.dest is required',"""""",Behavioral Change,Stryker,0
node-dirty,lib/dirty/dirty.js,36,36,28,cbs,cbs.concat([]),Behavioral Change,LLMorpheus,0
pull-stream,pull.js,87,24,49,ref[2],ref[0],Behavioral Change,LLMorpheus,0
q,q.js,173,291,32,index++,index--,Behavioral Change,LLMorpheus,0
plural,index.js,275,105,21,this,undefined,Behavioral Change,LLMorpheus,0
node-geo-point,src/geo-point.ts,3,42,9,latitude < -90 || latitude > 90,latitude < -90 || latitude > 90 || latitude === 0,Behavioral Change,LLMorpheus,0
node-dirty,lib/dirty/dirty.js,103,151,30,f (buffer.length),{},Behavioral Change,Stryker,0
Complex.js,complex.js,939,1007,24,2 * b,2 * a,Behavioral Change,LLMorpheus,0
countries-and-timezones,src/index.js,140,32,7,!timezones[name],!timezones.hasOwnProperty(name),Equivalent,LLMorpheus,1
Complex.js,complex.js,1066,1243,9,Math.floor,Math.ceil,Behavioral Change,LLMorpheus,0
node-geo-point,src/geo-point.ts,181,147,24,coordinate.longitude,coordinate.longitude * 2,Behavioral Change,LLMorpheus,0
pull-stream,util/prop.js,456,6,56,v && v[0],true,Behavioral Change,Stryker,0
Complex.js,complex.js,1129,1230,24,'im',"""""",Behavioral Change,Stryker,0
Complex.js,complex.js,922,1024,12,'im',"""""",Behavioral Change,Stryker,0
node-dirty,lib/dirty/dirty.js,214,158,21,'read_close','read_error',Behavioral Change,LLMorpheus,0
q,q.js,1140,1319,47,errback,reject,Behavioral Change,LLMorpheus,0
plural,index.js,42,22,9,/nucleus|syllabus|focus|fungus|cactus/i,/nucleus|syllabus|focus|fungus|cactus|bacterium/i,Behavioral Change,LLMorpheus,0
plural,index.js,177,104,45,tring.prototype.plural = function(num),{},Behavioral Change,Stryker,0
Complex.js,complex.js,166,200,18,Number.isFinite,Number.isSafeInteger,Behavioral Change,LLMorpheus,0
zip-a-folder,lib/ZipAFolder.ts,73,148,43,false,true,Behavioral Change,Stryker,0
node-geo-point,src/geo-point.ts,11,38,9,typeof latitude !== 'number' || typeof longitude !== 'number',false,Behavioral Change,Stryker,0
node-dirty,lib/dirty/dirty.js,137,118,11,"this.emit('error', err)","this.emit('error', new Error('Custom error message'))",Behavioral Change,LLMorpheus,0
node-dirty,lib/dirty/dirty.js,254,189,51,'error','close',Behavioral Change,LLMorpheus,0
plural,index.js,72,49,9,/^(?:wo)?man$/i,/^(?:wo)?man/i,Behavioral Change,Stryker,0
delta,src/Delta.ts,379,364,57,length,length + 1,Behavioral Change,LLMorpheus,0
pull-stream,pull.js,22,22,7,"case 2: return pull(read, ref[0], ref[1])",case 2:,Behavioral Change,Stryker,0
delta,src/AttributeMap.ts,28,44,9,typeof b !== 'object',b === null,Equivalent,LLMorpheus,1
delta,src/Delta.ts,631,507,13,typeof otherData === 'object' && otherData !== null,true,Behavioral Change,Stryker,0
countries-and-timezones,src/build-timezone.js,39,14,21,Number.isInteger,Number.isFinite,Behavioral Change,LLMorpheus,0
node-dirty,lib/dirty/dirty.js,132,182,9,!this._queue.size || this._waitForDrain,!this._queue.size && this._waitForDrain,Behavioral Change,Stryker,0
plural,index.js,46,33,13,'dwarf',"""""",Behavioral Change,Stryker,0
spacl-core,src/matcher.ts,10,13,23,'Path contains invalid characters',"""""",Behavioral Change,Stryker,0
crawler-url-parser,crawler-url-parser.js,20,40,16,"baseUrlStr.replace(/#.*$/, '')","baseUrlStr.replace(/#.*$/, '\\\\')",Behavioral Change,LLMorpheus,0
plural,index.js,178,108,8,lse,{},Behavioral Change,Stryker,0
node-dirty,lib/dirty/dirty.js,56,107,17,'utf-8',"""""",Behavioral Change,Stryker,0
plural,index.js,236,80,54,word,word.toLowerCase(),Behavioral Change,LLMorpheus,0
node-jsonfile,utils.js,55,10,7,Buffer.isBuffer(content),true,Behavioral Change,Stryker,0
delta,src/Delta.ts,189,99,9,typeof length === 'number',true,Behavioral Change,Stryker,0
pull-stream,throughs/filter.js,520,15,23,test,test || true,Behavioral Change,LLMorpheus,0
delta,src/Delta.ts,701,570,23,'object',"""""",Behavioral Change,Stryker,0
node-geo-point,src/geo-point.ts,16,64,9,!point.hasOwnProperty('type') || !point.hasOwnProperty('coordinates'),!point.hasOwnProperty('type') || !point.hasOwnProperty('coordinates') || point.type !== 'Point',Behavioral Change,LLMorpheus,0
node-dirty,lib/dirty/dirty.js,223,169,50,'drain','error',Behavioral Change,LLMorpheus,0
pull-stream,throughs/through.js,408,15,10,end,true,Behavioral Change,Stryker,0
node-geo-point,src/geo-point.ts,53,64,9,!point.hasOwnProperty('type') || !point.hasOwnProperty('coordinates'),!point.hasOwnProperty('type') && !point.hasOwnProperty('coordinates'),Behavioral Change,Stryker,0
crawler-url-parser,crawler-url-parser.js,128,101,7,currentUrl && currentUrl.url,currentUrl && currentUrl.url !== baseUrlStr,Behavioral Change,LLMorpheus,0
node-dirty,lib/dirty/dirty.js,109,158,21,'read_close',"""""",Behavioral Change,Stryker,0
node-geo-point,src/geo-point.ts,141,125,49,φ2,φ1,Behavioral Change,LLMorpheus,0
delta,src/Delta.ts,665,546,47,false,true,Behavioral Change,Stryker,0
delta,src/Delta.ts,442,319,11,typeof otherOp.delete === 'number',true,Behavioral Change,Stryker,0
plural,index.js,262,84,21,rule[1],rule[2],Behavioral Change,LLMorpheus,0
q,q.js,1403,1537,21,object,undefined,Behavioral Change,LLMorpheus,0
Complex.js,complex.js,1076,1165,23,b * b,b / b,Behavioral Change,Stryker,0
delta,src/Delta.ts,289,157,9,index === this.ops.length,false,Behavioral Change,Stryker,0
delta,src/Delta.ts,264,260,11,otherIter.peekType() === 'insert',otherIter.peekType() === 'insert' && otherIter.peekLength() > 0,Behavioral Change,LLMorpheus,0
q,q.js,447,566,40,operands[1],operands[2],Behavioral Change,LLMorpheus,0
q,q.js,1723,1900,14,callback,,Behavioral Change,LLMorpheus,0
node-dirty,lib/dirty/dirty.js,104,88,26,() => this.close(),() => this.close(false),Equivalent,LLMorpheus,1
Complex.js,complex.js,799,843,42,a,a + 1,Behavioral Change,LLMorpheus,0
countries-and-timezones,src/index.js,135,27,7,!country,country === null,Equivalent,LLMorpheus,1
image-downloader,lib/TimeoutError.js,24,3,11,'TimeoutError',"""""",Behavioral Change,Stryker,0
plural,index.js,173,103,7,String.prototype.plural === undefined,true,Behavioral Change,Stryker,0
Complex.js,complex.js,373,437,11,Math.abs,Math.ceil,Behavioral Change,LLMorpheus,0
node-dirty,lib/dirty/dirty.js,201,152,23,'error','drain',Behavioral Change,LLMorpheus,0
spacl-core,src/matcher.ts,37,22,9,/[*+][^/]|[^/][*+]/,/[*+][^/]|[^/][^*+]/,Behavioral Change,Stryker,0
Complex.js,complex.js,307,339,11,this['isInfinite'],this['isNaN'],Behavioral Change,LLMorpheus,0
crawler-url-parser,crawler-url-parser.js,215,147,71,/\/default\.[a-z]+$/,/\/default\.[a-z]+$/i,Behavioral Change,LLMorpheus,0
crawler-url-parser,crawler-url-parser.js,278,186,2,console.log,console.error,Behavioral Change,LLMorpheus,0
countries-and-timezones,src/index.js,153,39,35,timezone,timezone.name,Behavioral Change,LLMorpheus,0
node-jsonfile,utils.js,134,10,7,Buffer.isBuffer(content),Buffer.isBuffer(content) && content.length > 0,Behavioral Change,LLMorpheus,0
q,q.js,1889,1980,12,"Q.nbind.apply(void 0, args)","Q.nbind.apply(this, args)",Behavioral Change,LLMorpheus,0
spacl-core,src/policymap.ts,178,41,24,path,path.toLowerCase(),Behavioral Change,LLMorpheus,0
node-jsonfile,utils.js,138,10,23,content,content.slice(1),Equivalent,LLMorpheus,1
spacl-core,src/matcher.ts,20,26,20,/[^/]:|:\/|:$/,/[^/]:|:\/|:$/g,Equivalent,LLMorpheus,1
crawler-url-parser,crawler-url-parser.js,214,147,71,/\/default\.[a-z]+$/,/\/default\.[a-z]+$/g,Equivalent,LLMorpheus,1
node-dirty,lib/dirty/dirty.js,273,193,11,this._waitForDrain,this._waitForDrain !== true,Equivalent,LLMorpheus,1
pull-stream,sinks/drain.js,176,34,20,abort || true,abort ? true : false,Behavioral Change,LLMorpheus,0
node-dirty,lib/dirty/dirty.js,80,126,26,f (!rowStr),{},Behavioral Change,Stryker,0
delta,src/Delta.ts,575,448,22,op.retain && op.attributes,true,Behavioral Change,Stryker,0
node-geo-point,src/geo-point.ts,294,297,50,input.toFixed,input.toLocaleString,Behavioral Change,LLMorpheus,0
pull-stream,sinks/drain.js,163,28,17,console.warn,console.log,Behavioral Change,LLMorpheus,0
pull-stream,sinks/find.js,229,22,8,err === true ? null : err,err === false ? null : err,Behavioral Change,LLMorpheus,0
node-jsonfile,index.js,99,78,10,"fs.writeFileSync(file, str, options)","fs.writeFileSync(file, str, options.encoding)",Behavioral Change,LLMorpheus,0
crawler-url-parser,crawler-url-parser.js,118,105,20,`${tmpUrl.text} ${text}`,``,Behavioral Change,Stryker,0
pull-stream,sources/values.js,376,7,43,onAbort,onAbort(),Behavioral Change,LLMorpheus,0
pull-stream,sinks/drain.js,105,34,20,abort || true,false,Behavioral Change,Stryker,0
spacl-core,src/policy.ts,121,48,24,this.rules,this.rules.slice(),Equivalent,LLMorpheus,1
delta,src/Delta.ts,424,291,19,action === 'retain',action !== 'retain',Behavioral Change,Stryker,0
node-dirty,lib/dirty/dirty.js,100,88,17,'drain','error',Behavioral Change,LLMorpheus,0
Complex.js,complex.js,1082,1169,11,-b,+b,Behavioral Change,Stryker,0
node-geo-point,src/geo-point.ts,113,153,34,cosφ1 * sinδ * cosθ,cosφ1 * sinδ / cosθ,Behavioral Change,Stryker,0
Complex.js,complex.js,1036,1226,25,10,0,Behavioral Change,LLMorpheus,0
q,q.js,715,1100,13,"typeof process === ""object"" && typeof process.emit === ""function""",false,Behavioral Change,Stryker,0
pull-stream,throughs/flatten.js,547,13,11,"read(err || abort, cb)","read(err && abort, cb)",Behavioral Change,LLMorpheus,0
plural,index.js,82,24,49,w.substr,w.slice,Equivalent,LLMorpheus,1
pull-stream,sources/values.js,366,7,10,abort,abort === true,Behavioral Change,LLMorpheus,0
delta,src/AttributeMap.ts,102,97,12,Object.keys(attributes).length > 0,Object.keys(attributes).length >= 0,Behavioral Change,Stryker,0
spacl-core,src/policymap.ts,173,39,29,name,name.split(' ')[0],Behavioral Change,LLMorpheus,0
node-dirty,lib/dirty/dirty.js,111,162,17,'utf-8',"""""",Behavioral Change,Stryker,0
crawler-url-parser,crawler-url-parser.js,223,185,21,f (!module.parent),{},Behavioral Change,Stryker,0
node-dirty,lib/dirty/dirty.js,255,189,60,err,,Behavioral Change,LLMorpheus,0
delta,src/AttributeMap.ts,1,14,9,typeof a !== 'object',a === undefined,Equivalent,LLMorpheus,1
pull-stream,sinks/reduce.js,280,16,27,end === true ? null : end,end === false ? null : end,Behavioral Change,LLMorpheus,0
pull-stream,sources/values.js,386,10,21,array,array[0],Behavioral Change,LLMorpheus,0
pull-stream,throughs/through.js,402,10,11,abort === true,true,Behavioral Change,Stryker,0
countries-and-timezones,src/index.js,88,12,40,"getCountry(id, options)","getCountry(id, options, {})",Equivalent,LLMorpheus,1
pull-stream,util/prop.js,444,3,5,'string',"""""",Behavioral Change,Stryker,0
countries-and-timezones,src/build-timezone.js,41,14,21,Number.isInteger,Number.isSafeInteger,Behavioral Change,LLMorpheus,0
delta,src/Delta.ts,634,507,13,typeof otherData === 'object',true,Behavioral Change,Stryker,0
node-geo-point,src/geo-point.ts,23,42,9,latitude < -90 || latitude > 90,latitude < -90 && latitude > 90,Behavioral Change,Stryker,0
Complex.js,complex.js,35,57,9,-b > x || x > b,x > b || x < -b,Equivalent,LLMorpheus,1
q,q.js,586,895,68,"elf.promiseDispatch(void 0, ""when"", [void 0, function (value)",{},Behavioral Change,Stryker,0
crawler-url-parser,crawler-url-parser.js,271,171,13,linkurl.domain == pageurl.domain,linkurl.domain.includes(pageurl.domain),Behavioral Change,LLMorpheus,0
delta,src/Delta.ts,171,80,7,typeof attributes === 'object',true,Behavioral Change,Stryker,0
countries-and-timezones,src/build-timezone.js,62,34,30,hours,Math.floor(offset / 60),Equivalent,LLMorpheus,1
Complex.js,complex.js,1288,1412,27,"efine([], function()",{},Behavioral Change,Stryker,0
node-dirty,lib/dirty/dirty.js,188,145,30,row.key,"row[""key""]",Equivalent,LLMorpheus,1
pull-stream,pull.js,131,42,16,s && typeof s === 'object',s && typeof s === 'function',Behavioral Change,LLMorpheus,0
crawler-url-parser,crawler-url-parser.js,224,186,14,"""for testing purpose""","""""",Behavioral Change,Stryker,0
delta,src/Delta.ts,104,60,9,Array.isArray(ops),typeof ops === 'object' && ops.length > 0,Behavioral Change,LLMorpheus,0
delta,src/Delta.ts,496,364,24,"Math.min(otherIter.peekLength(), length)","Math.max(otherIter.peekLength(), length)",Behavioral Change,Stryker,0
node-geo-point,src/geo-point.ts,78,85,28,f (!isObject(object)),{},Behavioral Change,Stryker,0
crawler-url-parser,crawler-url-parser.js,146,104,31,text,text.toUpperCase(),Behavioral Change,LLMorpheus,0
crawler-url-parser,crawler-url-parser.js,221,185,5,!module.parent,true,Behavioral Change,Stryker,0
spacl-core,src/matcher.ts,50,27,23,'Path contains malformed captures',"""""",Behavioral Change,Stryker,0
node-geo-point,src/geo-point.ts,199,151,37,θ,θ * 2,Behavioral Change,LLMorpheus,0
crawler-url-parser,crawler-url-parser.js,8,12,26,/^utm_\w+/i,/utm_\w+/i,Equivalent,Stryker,1
node-geo-point,src/geo-point.ts,88,90,27,'Object must have latitude and longitude',"""""",Behavioral Change,Stryker,0
crawler-url-parser,crawler-url-parser.js,116,104,9,!tmpUrl.text.includes(text),false,Behavioral Change,Stryker,0
node-jsonfile,index.js,28,27,9,shouldThrow,shouldThrow === true,Behavioral Change,LLMorpheus,0
plural,index.js,31,27,9,/[aeiouy]o$/i,/[^aeiouy]o$/i,Behavioral Change,Stryker,0
q,q.js,1970,2029,43,1,,Behavioral Change,LLMorpheus,0
plural,index.js,269,103,7,String.prototype.plural === undefined,"String.prototype.plural = function (num) {
  return num > 1 ? this + 's' : this + 'es';
}",Behavioral Change,LLMorpheus,0
plural,index.js,179,52,9,/\b(?:bison|cod|deer|fowl|halibut|moose|sheep)\b/i,/\b(?:bison|cod|deer|fowl|halibut|moose|sheep|tiger|zebra)\b/i,Behavioral Change,LLMorpheus,0
crawler-url-parser,crawler-url-parser.js,212,147,58,'/','\\',Behavioral Change,LLMorpheus,0
delta,src/AttributeMap.ts,2,14,9,typeof a !== 'object',a === NaN,Behavioral Change,LLMorpheus,0
plural,index.js,43,33,7,w === 'dwarf' || w === 'roof',w === 'dwarf' && w === 'roof',Behavioral Change,Stryker,0
q,q.js,461,660,80,"rray_reduce(progressListeners, function (undefined, progressListener)",{},Behavioral Change,Stryker,0
node-geo-point,src/geo-point.ts,259,210,12,"GeoPoint.calculateBearing(this, point)","GeoPoint.calculateBearing(this, point.longitude)",Behavioral Change,LLMorpheus,0
delta,src/Delta.ts,434,309,13,!otherIter.hasNext() &&,false,Behavioral Change,Stryker,0
q,q.js,1242,1427,12,"this.dispatch(""get"", [key])","this.dispatch(""set"", [key])",Behavioral Change,LLMorpheus,0
Complex.js,complex.js,953,1053,26,'re',"""""",Behavioral Change,Stryker,0
q,q.js,1579,1734,27,void 0,,Behavioral Change,LLMorpheus,0
pull-stream,pull.js,38,40,9,typeof s === 'function',true,Behavioral Change,Stryker,0
node-geo-point,src/geo-point.ts,248,201,12,"GeoPoint.calculateDestination(this, distance, bearing)","GeoPoint.calculateDestination(this, distance, bearing + 180)",Behavioral Change,LLMorpheus,0
node-dirty,lib/dirty/dirty.js,105,152,42,`Corrupted row at the end of the db: ${buffer}`,``,Behavioral Change,Stryker,0
pull-stream,sources/count.js,184,6,8,end,false,Behavioral Change,Stryker,0
q,q.js,946,1777,48,"""function""","""""",Behavioral Change,Stryker,0
pull-stream,throughs/async-map.js,432,12,29,aborted,undefined,Behavioral Change,LLMorpheus,0
q,q.js,953,1122,5,resetUnhandledRejections,unhandledRejections.length = 0,Behavioral Change,LLMorpheus,0
q,q.js,714,873,62,value,,Behavioral Change,LLMorpheus,0
node-jsonfile,utils.js,145,11,10,"content.replace(/^\uFEFF/, '')","content.replace(/^\uFEFF/i, '')",Equivalent,LLMorpheus,1
delta,src/AttributeMap.ts,3,17,9,typeof b !== 'object',b === null,Behavioral Change,LLMorpheus,0
Complex.js,complex.js,1065,1240,29,places || 0,places ? 0 : 1,Behavioral Change,LLMorpheus,0
spacl-core,src/policy.ts,99,18,5,this.rules.push,this.rules.unshift,Behavioral Change,LLMorpheus,0
node-jsonfile,index.js,104,78,27,file,file.toUpperCase(),Behavioral Change,LLMorpheus,0
delta,src/Delta.ts,343,334,36,other.ops.slice(1),"other.ops.slice(1, 2)",Behavioral Change,LLMorpheus,0
Complex.js,complex.js,1067,1243,9,Math.floor,Math.round,Behavioral Change,LLMorpheus,0
q,q.js,6,39,19,"""promise""","""""",Behavioral Change,Stryker,0
Complex.js,complex.js,1074,1244,9,Math.floor,Math.abs,Behavioral Change,LLMorpheus,0
plural,index.js,26,16,50,w.substr,w.slice,Equivalent,LLMorpheus,1
spacl-core,src/matcher.ts,61,39,9,string.length > 1 && string.endsWith('/'),false,Behavioral Change,Stryker,0
pull-stream,throughs/through.js,405,10,21,true,false,Behavioral Change,Stryker,0
q,q.js,869,1079,60,promise,"promise.then(function () {
  return Q.reject(new Error(""test""));
})",Behavioral Change,LLMorpheus,0
plural,index.js,135,76,7,num !== 1 || num === undefined,num !== 1 && num === undefined,Behavioral Change,Stryker,0
node-jsonfile,index.js,52,52,12,"JSON.parse(content, options.reviver)","JSON.parse(content, options.reviver, options.encoding, options.flag)",Equivalent,LLMorpheus,1
node-geo-point,src/geo-point.ts,268,219,12,"GeoPoint.calculateDistance(this, point)","GeoPoint.calculateDistance(this.longitude, point.latitude)",Behavioral Change,LLMorpheus,0
node-dirty,lib/dirty/dirty.js,81,127,25,'error',"""""",Behavioral Change,Stryker,0
delta,src/AttributeMap.ts,8,17,9,typeof b !== 'object',false,Equivalent,Stryker,1
crawler-url-parser,crawler-url-parser.js,146,147,38,/\/index\.[a-z]+$/,/\/index\.[a-z]+/,Behavioral Change,Stryker,0
delta,src/OpIterator.ts,815,82,9,,{},Behavioral Change,Stryker,0
q,q.js,100,203,27,"setImmediate.bind(window, flush)",setImmediate.bind(null),Behavioral Change,LLMorpheus,0
Complex.js,complex.js,80,102,11,x / y,x * y,Behavioral Change,Stryker,0
pull-stream,sources/once.js,342,7,33,onAbort,onAbort(),Behavioral Change,LLMorpheus,0
node-dirty,lib/dirty/dirty.js,73,122,33,'\n',"""""",Behavioral Change,Stryker,0
spacl-core,src/policymap.ts,149,13,16,policy.name,policy.name.split(' ')[0],Behavioral Change,LLMorpheus,0
Complex.js,complex.js,784,812,13,b === 1,b !== 1,Behavioral Change,LLMorpheus,0
node-dirty,lib/dirty/dirty.js,38,39,20,() => { if (cb) cb(); this.emit('drain'); },"() => {
  if (cb) cb();
  this.emit('drain', 1);
}",Equivalent,LLMorpheus,1
q,q.js,278,408,13,!isInternalFrame(line),isInternalFrame(line),Behavioral Change,Stryker,0
node-geo-point,src/geo-point.ts,44,47,28,'bad longitude value',"""""",Behavioral Change,Stryker,0
node-jsonfile,utils.js,144,11,10,"content.replace(/^\uFEFF/, '')","content.replace(/^\uFEFF/g, '')",Equivalent,LLMorpheus,1
plural,index.js,114,40,1,"addRule('bacterium', 'bacteria')","addRule('bacterium', 'bacteriums')",Behavioral Change,LLMorpheus,0
plural,index.js,49,33,30,'roof',"""""",Behavioral Change,Stryker,0
node-dirty,lib/dirty/dirty.js,119,168,30,f (!this._queue.size),{},Behavioral Change,Stryker,0
plural,index.js,55,40,9,'bacterium',"""""",Behavioral Change,Stryker,0
crawler-url-parser,crawler-url-parser.js,29,47,18,"URL.parse(currentUrlStr, true, true)","URL.parse(currentUrlStr, true, false)",Behavioral Change,LLMorpheus,0
pull-stream,throughs/filter.js,525,16,41,"next(end, cb)","next(end, null)",Behavioral Change,LLMorpheus,0
image-downloader,index.js,54,24,24,options.dest,path.dirname(options.dest),Equivalent,LLMorpheus,1
spacl-core,src/matcher.ts,24,29,9,spec.match(/^.+\/$/) !== null,spec.match(/^.+\/$/) !== null && spec.match(/^.+\/$/) !== undefined,Equivalent,LLMorpheus,1
node-dirty,lib/dirty/dirty.js,269,191,34,err,,Behavioral Change,LLMorpheus,0
crawler-url-parser,crawler-url-parser.js,117,104,38,f (!tmpUrl.text.includes(text)),{},Behavioral Change,Stryker,0
crawler-url-parser,crawler-url-parser.js,268,167,30,linkurl_path,"linkurl_path.substring(linkurl_path.lastIndexOf(""/"") + 1)",Behavioral Change,LLMorpheus,0
plural,index.js,128,42,18,'cellos','cell',Behavioral Change,LLMorpheus,0
delta,src/AttributeMap.ts,25,30,11,a[key] !== undefined,true,Behavioral Change,Stryker,0
node-jsonfile,index.js,27,42,15,{ encoding: options },{},Behavioral Change,Stryker,0
node-jsonfile,index.js,19,25,11,"JSON.parse(data, options ? options.reviver : null)","JSON.parse(data, options ? options.reviver : undefined)",Equivalent,LLMorpheus,1
q,q.js,1502,1641,9,when,when.then,Behavioral Change,LLMorpheus,0
Complex.js,complex.js,1001,1087,17,f (noIM),{},Behavioral Change,Stryker,0
plural,index.js,218,76,7,num !== 1 || num === undefined,num === undefined,Behavioral Change,LLMorpheus,0
plural,index.js,50,33,38,f (w === 'dwarf' || w === 'roof'),{},Behavioral Change,Stryker,0
node-geo-point,src/geo-point.ts,79,86,27,'GeoPoint: Argument must be an object',"""""",Behavioral Change,Stryker,0
pull-stream,sources/values.js,229,10,6,!Array.isArray(array),true,Behavioral Change,Stryker,0
pull-stream,pull.js,37,20,15,length,length * 2,Behavioral Change,LLMorpheus,0
node-geo-point,src/geo-point.ts,217,160,32,λ2,λ2 - λ1,Behavioral Change,LLMorpheus,0
q,q.js,590,739,12,Q,Q.reject,Behavioral Change,LLMorpheus,0
pull-stream,sinks/drain.js,59,8,7,!done,true,Behavioral Change,Stryker,0
pull-stream,pull.js,92,26,9,ref.unshift,ref.pop,Behavioral Change,LLMorpheus,0
node-dirty,lib/dirty/dirty.js,118,168,11,!this._queue.size,false,Behavioral Change,Stryker,0
crawler-url-parser,crawler-url-parser.js,150,147,71,/\/default\.[a-z]+$/,/\/default\.[a-z]+/,Behavioral Change,Stryker,0
crawler-url-parser,crawler-url-parser.js,57,47,49,true,false,Behavioral Change,Stryker,0
crawler-url-parser,crawler-url-parser.js,281,205,18,url,url.host,Behavioral Change,LLMorpheus,0
crawler-url-parser,crawler-url-parser.js,10,36,40,/#.*$/,/^#.*$/,Equivalent,LLMorpheus,1
Complex.js,complex.js,17,45,12,Math.abs(x) < 1e-9,true,Behavioral Change,Stryker,0
crawler-url-parser,crawler-url-parser.js,100,97,7,"typeof href == ""undefined""",false,Behavioral Change,Stryker,0
q,q.js,700,1086,43,"""undefined""","""""",Behavioral Change,Stryker,0
node-geo-point,src/geo-point.ts,264,210,38,this,{},Behavioral Change,LLMorpheus,0
plural,index.js,68,23,48,w.substr,w.substring,Equivalent,LLMorpheus,1
crawler-url-parser,crawler-url-parser.js,65,59,31,URL.resolve,URL.resolveObject,Behavioral Change,LLMorpheus,0
plural,index.js,0,3,13,[],"[""Stryker was here""]",Behavioral Change,Stryker,0
node-dirty,lib/dirty/dirty.js,107,156,13,'close',"""""",Behavioral Change,Stryker,0
node-geo-point,src/geo-point.ts,34,46,9,longitude < -180 || longitude > 180,false,Behavioral Change,Stryker,0
plural,index.js,117,60,78,'tropic',"""""",Behavioral Change,Stryker,0
delta,src/Delta.ts,164,157,9,index === this.ops.length,index > this.ops.length,Behavioral Change,LLMorpheus,0
node-dirty,lib/dirty/dirty.js,89,137,25,catch (e),{},Behavioral Change,Stryker,0
node-jsonfile,index.js,111,78,38,options,{},Behavioral Change,LLMorpheus,0
Complex.js,complex.js,755,812,13,b === 1,true,Behavioral Change,Stryker,0
q,q.js,384,468,62,firstLine,"firstLine.split("":"")[0]",Behavioral Change,LLMorpheus,0
node-geo-point,src/geo-point.ts,29,42,27,latitude > 90,latitude >= 90,Behavioral Change,Stryker,0
crawler-url-parser,crawler-url-parser.js,0,5,34,onst result_normalize_options =,{},Equivalent,Stryker,1
pull-stream,sinks/log.js,237,7,5,console.log,console.info,Behavioral Change,LLMorpheus,0
Complex.js,complex.js,94,126,23,_b,_a + _b,Equivalent,LLMorpheus,1
countries-and-timezones,src/index.js,117,56,39,[],"[""Stryker was here""]",Behavioral Change,Stryker,0
pull-stream,throughs/async-map.js,428,12,10,aborted,aborted && false,Behavioral Change,LLMorpheus,0
q,q.js,1475,1604,41,"{ index: index, value: progress }","{
  index: index,
  value: progress * 2
}",Behavioral Change,LLMorpheus,0
plural,index.js,114,60,45,'electronic',"""""",Behavioral Change,Stryker,0
q,q.js,1991,2048,14,object,undefined,Behavioral Change,LLMorpheus,0
spacl-core,src/matcher.ts,96,67,18,min > 0,min >= 0,Behavioral Change,Stryker,0
spacl-core,src/matcher.ts,40,39,46,'/','/' + '\\',Behavioral Change,LLMorpheus,0
plural,index.js,257,83,16,rule[0],rule[1],Behavioral Change,LLMorpheus,0
node-geo-point,src/geo-point.ts,43,89,9,!object.hasOwnProperty('latitude') || !object.hasOwnProperty('longitude'),object.latitude === null || object.longitude === null,Behavioral Change,LLMorpheus,0
image-downloader,index.js,31,18,50,basename,basename.toLowerCase(),Behavioral Change,LLMorpheus,0
spacl-core,src/policy.ts,106,33,30,path,path.toLowerCase(),Behavioral Change,LLMorpheus,0
plural,index.js,44,33,7,w === 'dwarf',false,Behavioral Change,Stryker,0
node-dirty,lib/dirty/dirty.js,252,189,41,"this.emit('error', err)","this.emit('error', err.message)",Behavioral Change,LLMorpheus,0
Complex.js,complex.js,518,469,26,f (z['isZero']()),{},Behavioral Change,Stryker,0
q,q.js,42,58,65,"""undefined""","""""",Behavioral Change,Stryker,0
q,q.js,927,1713,59,"eturn all(array_map(promises, function (promise)",{},Behavioral Change,Stryker,0
delta,src/Delta.ts,87,23,7,typeof b !== 'object' || b === null,typeof b !== 'object',Equivalent,LLMorpheus,1
node-geo-point,src/geo-point.ts,141,209,45,alculateBearing(point: GeoPoint): number,{},Behavioral Change,Stryker,0
Complex.js,complex.js,1002,1087,11,noIM,noIM = false,Behavioral Change,LLMorpheus,0
plural,index.js,136,76,7,num !== 1,false,Behavioral Change,Stryker,0
node-dirty,lib/dirty/dirty.js,140,118,21,'error','drain',Behavioral Change,LLMorpheus,0
Complex.js,complex.js,933,993,32,b,-b,Behavioral Change,LLMorpheus,0
delta,src/Delta.ts,158,74,9,typeof arg === 'string',true,Behavioral Change,Stryker,0
crawler-url-parser,crawler-url-parser.js,45,42,8,/^\.*\/|^(?!localhost)\w+:/,/^\.*\/|(?!localhost)\w+:/,Behavioral Change,Stryker,0
q,q.js,212,358,9,"object_toString(exception) === ""[",true,Behavioral Change,Stryker,0
countries-and-timezones,src/index.js,77,17,7,totalTimezones !== memoizedTimezones,true,Behavioral Change,Stryker,0
crawler-url-parser,crawler-url-parser.js,83,63,45,true,,Behavioral Change,LLMorpheus,0
q,q.js,1035,1206,29,exception,undefined,Behavioral Change,LLMorpheus,0
countries-and-timezones,src/index.js,89,12,40,"getCountry(id, options)","getCountry(id, options, undefined)",Equivalent,LLMorpheus,1
node-jsonfile,index.js,85,68,60,options,undefined,Behavioral Change,LLMorpheus,0
Complex.js,complex.js,723,730,9,Math.cos,Math.acos,Behavioral Change,LLMorpheus,0
spacl-core,src/matcher.ts,35,22,9,/[*+][^/]|[^/][*+]/,/[*+][/]|[^/][*+]/,Behavioral Change,Stryker,0
Complex.js,complex.js,536,480,20,a === 0,false,Behavioral Change,Stryker,0
node-geo-point,src/geo-point.ts,20,39,28,'Bad geo point arguments',"""""",Behavioral Change,Stryker,0
node-geo-point,src/geo-point.ts,82,89,9,!object.hasOwnProperty('latitude') || !object.hasOwnProperty('longitude'),!object.hasOwnProperty('latitude') && !object.hasOwnProperty('longitude'),Equivalent,Stryker,1
delta,src/Delta.ts,422,291,19,action === 'retain',true,Behavioral Change,Stryker,0
q,q.js,45,61,22,"typeof window !== ""undefined""",false,Behavioral Change,Stryker,0
node-geo-point,src/geo-point.ts,61,68,9,point.type !== 'Point',false,Behavioral Change,Stryker,0
node-dirty,lib/dirty/dirty.js,146,189,51,'error',"""""",Behavioral Change,Stryker,0
countries-and-timezones,src/index.js,177,49,18,"getCountriesForTimezone(tzName, options)","getCountriesForTimezone(tzName, options, {
  country: null
})",Equivalent,LLMorpheus,1
node-geo-point,src/geo-point.ts,167,144,23,Number(bearing),bearing + 180,Behavioral Change,LLMorpheus,0
q,q.js,788,967,14,promise,,Behavioral Change,LLMorpheus,0
node-dirty,lib/dirty/dirty.js,272,193,11,this._waitForDrain,this._waitForDrain === false,Behavioral Change,LLMorpheus,0
q,q.js,1038,2054,36,.nextTick(function (),{},Behavioral Change,Stryker,0
delta,src/Delta.ts,349,346,15,op.insert != null,op.insert !== undefined,Behavioral Change,LLMorpheus,0
image-downloader,index.js,5,6,12,Promise.reject,Promise.race,Behavioral Change,LLMorpheus,0
pull-stream,sinks/on-end.js,244,6,16,,undefined,Behavioral Change,LLMorpheus,0
spacl-core,src/policymap.ts,147,13,16,policy.name,policy.name.toLowerCase(),Behavioral Change,LLMorpheus,0
crawler-url-parser,crawler-url-parser.js,59,59,31,"URL.resolve(parsedBaseUrl, parsedUrl)","URL.resolve(parsedBaseUrl, parsedUrl, parsedUrl.protocol === 'http:')",Equivalent,LLMorpheus,1
crawler-url-parser,crawler-url-parser.js,31,47,43,true,false,Behavioral Change,LLMorpheus,0
node-geo-point,src/geo-point.ts,3,11,29,typeof input === 'object' && input !== null,typeof input === 'object' || input !== null,Behavioral Change,Stryker,0
node-geo-point,src/geo-point.ts,68,72,9,!Array.isArray(point.coordinates) || point.coordinates.length !== 2,!Array.isArray(point.coordinates) && point.coordinates.length !== 2,Behavioral Change,Stryker,0
crawler-url-parser,crawler-url-parser.js,50,43,42,/^(?!(?:\w+:)?\/\/)/,/(?!(?:\w+:)?\/\/)/,Behavioral Change,Stryker,0
node-dirty,lib/dirty/dirty.js,98,147,20,'',"""Stryker was here!""",Behavioral Change,Stryker,0
node-dirty,lib/dirty/dirty.js,19,34,19,this._queue.get,this._queue.clear,Behavioral Change,LLMorpheus,0
plural,index.js,197,63,60,illnesses,"illnesses.concat([""new illness""])",Behavioral Change,LLMorpheus,0
crawler-url-parser,crawler-url-parser.js,220,185,5,!module.parent,module.parent,Behavioral Change,Stryker,0
plural,index.js,194,63,53,games,games.concat(illnesses),Behavioral Change,LLMorpheus,0
spacl-core,src/policy.ts,130,49,24,path,path.toLowerCase(),Behavioral Change,LLMorpheus,0
delta,src/Delta.ts,649,512,13,thisData !== null,true,Equivalent,Stryker,1
pull-stream,sinks/drain.js,106,34,20,abort || true,abort && true,Behavioral Change,Stryker,0
delta,src/AttributeMap.ts,100,97,12,Object.keys(attributes).length > 0,true,Behavioral Change,Stryker,0
crawler-url-parser,crawler-url-parser.js,149,147,58,'/',"""""",Behavioral Change,Stryker,0
Complex.js,complex.js,948,1010,13,cosh,sinh,Behavioral Change,LLMorpheus,0
delta,src/AttributeMap.ts,65,82,9,typeof a !== 'object',a === undefined,Equivalent,LLMorpheus,1
Complex.js,complex.js,1056,1143,11,-b,+b,Behavioral Change,Stryker,0
crawler-url-parser,crawler-url-parser.js,244,163,8,linkurl_without_last_part == pageurl_without_last_part,linkurl_without_last_part === pageurl_without_last_part,Equivalent,LLMorpheus,1
node-geo-point,src/geo-point.ts,4,11,29,typeof input === 'object',true,Behavioral Change,Stryker,0
spacl-core,src/matcher.ts,22,26,20,/[^/]:|:\/|:$/,/[^/]:|:\/|:$/m,Equivalent,LLMorpheus,1
node-dirty,lib/dirty/dirty.js,219,168,11,!this._queue.size,this._queue.isEmpty(),Equivalent,LLMorpheus,1
node-geo-point,src/geo-point.ts,37,46,9,longitude < -180,longitude <= -180,Behavioral Change,Stryker,0
Complex.js,complex.js,771,749,19,a,-a,Equivalent,LLMorpheus,1
spacl-core,src/policymap.ts,163,30,28,verb,verb.toLowerCase(),Behavioral Change,LLMorpheus,0
Complex.js,complex.js,15,44,14,ar sinh =,"Math.sinh && function (x) {
  return Math.abs(x) < 1e-9 ? x : (Math.exp(x) - Math.exp(-x)) * 0.5;
}",Behavioral Change,Stryker,0
pull-stream,sources/values.js,365,7,10,abort,!abort,Behavioral Change,LLMorpheus,0
node-geo-point,src/geo-point.ts,117,156,15,cosδ - sinφ1 * sinφ2,cosδ + sinφ1 * sinφ2,Behavioral Change,Stryker,0
spacl-core,src/matcher.ts,41,39,46,'/','/' + '\\' + '\\',Behavioral Change,LLMorpheus,0
q,q.js,1116,1313,25,isStopIteration,isStopIteration = false,Behavioral Change,LLMorpheus,0
pull-stream,util/tester.js,464,7,5,'object' === typeof test,true,Behavioral Change,Stryker,0
crawler-url-parser,crawler-url-parser.js,58,59,31,"URL.resolve(parsedBaseUrl, parsedUrl)","URL.resolve(parsedBaseUrl, parsedUrl, false)",Equivalent,LLMorpheus,1
node-dirty,lib/dirty/dirty.js,156,193,11,this._waitForDrain,true,Behavioral Change,Stryker,0
q,q.js,116,200,52,"else if (typeof setImmediate === ""function"")",{},Behavioral Change,Stryker,0
crawler-url-parser,crawler-url-parser.js,103,97,37,href.length < 3,false,Behavioral Change,Stryker,0
Complex.js,complex.js,1036,1128,20,'re',"""""",Behavioral Change,Stryker,0
q,q.js,277,408,13,!isInternalFrame(line) && !isNodeFrame(line),!isInternalFrame(line) || !isNodeFrame(line),Behavioral Change,Stryker,0
plural,index.js,118,41,1,"addRule('memo', 'memos')","addRule('memo', function (w) {
  return w + 's';
})",Equivalent,LLMorpheus,1
node-dirty,lib/dirty/dirty.js,150,122,15,chunk.lastIndexOf,chunk.match,Behavioral Change,LLMorpheus,0
delta,src/Delta.ts,684,557,18,nextType === 'insert' && (offset < index || !priority),nextType === 'insert' && (offset !== index || !priority),Behavioral Change,LLMorpheus,0
Complex.js,complex.js,991,1084,20,'re',"""""",Behavioral Change,Stryker,0
node-dirty,lib/dirty/dirty.js,79,126,17,!rowStr,false,Behavioral Change,Stryker,0
node-dirty,lib/dirty/dirty.js,86,134,19,!('key' in row),false,Behavioral Change,Stryker,0
node-dirty,lib/dirty/dirty.js,0,28,9,val === undefined,val == null,Behavioral Change,LLMorpheus,0
countries-and-timezones,src/build-country.js,8,18,7,!timezonesMap,typeof timezonesMap === 'undefined',Equivalent,LLMorpheus,1
plural,index.js,167,84,16,type(rule[1]) === 'Function',false,Behavioral Change,Stryker,0
node-dirty,lib/dirty/dirty.js,159,126,17,!rowStr,rowStr.trim() === '',Behavioral Change,LLMorpheus,0
zip-a-folder,lib/ZipAFolder.ts,23,74,13,o.compression === COMPRESSION_LEVEL.uncompressed,false,Behavioral Change,Stryker,0
node-geo-point,src/geo-point.ts,59,65,27,'Object must have type and coordinates',"""""",Behavioral Change,Stryker,0
node-dirty,lib/dirty/dirty.js,170,134,19,!('key' in row),row.key === undefined,Equivalent,LLMorpheus,1
spacl-core,src/matcher.ts,25,29,9,spec.match(/^.+\/$/) !== null,spec.match(/^.+\/$/) !== null && spec.match(/^.+\/$/) !== undefined && spec.match(/^.+\/$/) !== '',Equivalent,LLMorpheus,1
image-downloader,index.js,53,24,24,options.dest,options.dest.toLowerCase(),Equivalent,LLMorpheus,1
pull-stream,sinks/drain.js,124,49,8,'function',"""""",Behavioral Change,Stryker,0
crawler-url-parser,crawler-url-parser.js,23,40,35,/#.*$/,/#.*$/i,Equivalent,LLMorpheus,1
node-dirty,lib/dirty/dirty.js,202,152,32,new Error(`Corrupted row at the end of the db: ${buffer}`),"new Error(`Corrupted row at the end of the db: ${buffer.slice(0, -1)}`)",Behavioral Change,LLMorpheus,0
crawler-url-parser,crawler-url-parser.js,122,99,20,"parse(href, baseUrlStr)","parse(href, baseUrlStr + ""test"")",Behavioral Change,LLMorpheus,0
q,q.js,1425,1552,37,arguments,[],Behavioral Change,LLMorpheus,0
node-dirty,lib/dirty/dirty.js,66,118,21,'error',"""""",Behavioral Change,Stryker,0
Complex.js,complex.js,855,901,11,a / d,a * d,Behavioral Change,Stryker,0
spacl-core,src/matcher.ts,81,111,24,/:.+/,/:.*/,Behavioral Change,LLMorpheus,0
pull-stream,sources/values.js,379,8,17,true,false,Behavioral Change,LLMorpheus,0
crawler-url-parser,crawler-url-parser.js,49,55,51,true,false,Behavioral Change,LLMorpheus,0
node-dirty,lib/dirty/dirty.js,121,169,13,this._inFlightWrites <= 0,false,Behavioral Change,Stryker,0
crawler-url-parser,crawler-url-parser.js,121,108,23,text == null,false,Behavioral Change,Stryker,0
delta,src/Delta.ts,654,514,13,otherData !== null,true,Equivalent,Stryker,1
plural,index.js,51,22,71,w.substr,w.slice,Equivalent,LLMorpheus,1
Complex.js,complex.js,737,731,18,a,a * b,Behavioral Change,LLMorpheus,0
crawler-url-parser,crawler-url-parser.js,53,43,42,/^(?!(?:\w+:)?\/\/)/,/^(?!(?:\w:)?\/\/)/,Behavioral Change,Stryker,0
countries-and-timezones,src/index.js,100,17,7,totalTimezones !== memoizedTimezones,totalTimezones !== memoizedTimezones * 2,Behavioral Change,LLMorpheus,0
q,q.js,1276,1453,12,Q,Q.all,Behavioral Change,LLMorpheus,0
plural,index.js,75,24,9,/appendix|index/i,/appendix|index|quix/i,Behavioral Change,LLMorpheus,0
q,q.js,337,451,12,fileName === qFileName,true,Behavioral Change,Stryker,0
delta,src/Delta.ts,121,23,32,b === null,false,Equivalent,Stryker,1
pull-stream,throughs/async-map.js,245,7,6,!map,false,Behavioral Change,Stryker,0
node-dirty,lib/dirty/dirty.js,111,92,50,() => this._writeStream.destroy(),() => this._writeStream.end(),Behavioral Change,LLMorpheus,0
node-dirty,lib/dirty/dirty.js,122,169,13,this._inFlightWrites <= 0,this._inFlightWrites < 0,Behavioral Change,Stryker,0
delta,src/Delta.ts,657,517,17,embedType === Object.keys(otherData)[0],true,Behavioral Change,Stryker,0
Complex.js,complex.js,1005,1098,25,acoth': function(),{},Behavioral Change,Stryker,0
pull-stream,throughs/take.js,374,19,33,true,false,Behavioral Change,Stryker,0
node-dirty,lib/dirty/dirty.js,147,122,15,chunk.lastIndexOf('\n') === -1,chunk.lastIndexOf('\n') < 0,Equivalent,LLMorpheus,1
plural,index.js,206,67,9,/ics$/i,/ics$/,Behavioral Change,LLMorpheus,0
Complex.js,complex.js,198,208,18,else,{},Behavioral Change,Stryker,0
crawler-url-parser,crawler-url-parser.js,215,172,7,linkurl_subdomain_len < pageurl_subdomain_len,linkurl_subdomain_len <= pageurl_subdomain_len,Behavioral Change,Stryker,0
plural,index.js,217,76,7,num !== 1 || num === undefined,num !== 1,Behavioral Change,LLMorpheus,0
node-dirty,lib/dirty/dirty.js,43,91,9,this._readStream,false,Behavioral Change,Stryker,0
Complex.js,complex.js,150,193,22,'abs' in a && 'arg' in a,'abs' in a || 'arg' in a,Behavioral Change,Stryker,0
pull-stream,sinks/reduce.js,274,16,12,end,end === true,Behavioral Change,LLMorpheus,0
pull-stream,pull.js,41,21,27,read,read + 1,Behavioral Change,LLMorpheus,0
spacl-core,src/rule.ts,228,69,42,index++,index += 2,Behavioral Change,LLMorpheus,0
q,q.js,370,481,13,"typeof console.warn === ""function""",true,Behavioral Change,Stryker,0
countries-and-timezones,src/build-country.js,11,12,33,[],"[""Stryker was here""]",Behavioral Change,Stryker,0
spacl-core,src/matcher.ts,156,111,24,/:.+/,/:./,Equivalent,Stryker,1
node-geo-point,src/geo-point.ts,163,143,22,distance,distance * 2,Behavioral Change,LLMorpheus,0
crawler-url-parser,crawler-url-parser.js,138,146,38,/\/index\.[a-z]+$/,/\/index\.[a-z]+/,Behavioral Change,Stryker,0
node-jsonfile,index.js,38,50,19,"fs.readFileSync(file, options)","fs.readFileSync(file, options.encoding)",Behavioral Change,LLMorpheus,0
q,q.js,1016,1969,26,unction bound(),{},Behavioral Change,Stryker,0
Complex.js,complex.js,834,879,12,b !== 0,b === 0,Behavioral Change,Stryker,0
crawler-url-parser,crawler-url-parser.js,242,162,57,/(\/[^\/]*)[\/]?$/,/(\/[^\/]*)[\/]?$/m,Behavioral Change,LLMorpheus,0
node-geo-point,src/geo-point.ts,87,89,84,f (!object.hasOwnProperty('latitude') || !object.hasOwnProperty('longitude')),{},Behavioral Change,Stryker,0
Complex.js,complex.js,1107,1273,9,Math.abs,Math.floor,Behavioral Change,LLMorpheus,0
node-dirty,lib/dirty/dirty.js,113,92,50,() => this._writeStream.destroy(),() => this._writeStream.cork(),Behavioral Change,LLMorpheus,0
spacl-core,src/policy.ts,189,59,52,true,false,Behavioral Change,Stryker,0
delta,src/Delta.ts,691,557,44,offset < index,false,Behavioral Change,Stryker,0
q,q.js,186,294,41,this[index],this[index - 1],Behavioral Change,LLMorpheus,0
node-dirty,lib/dirty/dirty.js,143,189,13,!cbs.length,cbs.length,Behavioral Change,Stryker,0
countries-and-timezones,src/index.js,189,55,7,!country,country === null,Equivalent,LLMorpheus,1
delta,src/Op.ts,715,18,16,typeof op.retain === 'object' && op.retain !== null,false,Behavioral Change,Stryker,0
spacl-core,src/matcher.ts,58,30,23,'Path must not end with a slash',"""""",Behavioral Change,Stryker,0
zip-a-folder,lib/ZipAFolder.ts,1,36,38,onst o: ZipAFolderOptions =,true,Behavioral Change,Stryker,0
pull-stream,sources/values.js,224,6,33,"eturn function (abort, cb)",{},Behavioral Change,Stryker,0
spacl-core,src/matcher.ts,16,16,23,'Path must begin with a slash',"""""",Behavioral Change,Stryker,0
crawler-url-parser,crawler-url-parser.js,208,147,17,"pageurl_path.replace(/\/index\.[a-z]+$/, '/')","pageurl_path.replace(/\/index\.[a-z]+$/, '\\')",Behavioral Change,LLMorpheus,0
plural,index.js,34,19,9,/x$|ch$|s$/i,/x$|ch$|s$/,Behavioral Change,LLMorpheus,0
node-geo-point,src/geo-point.ts,158,126,24,x,Math.sin(x),Behavioral Change,LLMorpheus,0
q,q.js,684,1076,40,"typeof process.emit === ""function""",true,Behavioral Change,Stryker,0
node-geo-point,src/geo-point.ts,115,155,15,sinθ * sinδ * cosφ1,sinθ * sinδ / cosφ1,Behavioral Change,Stryker,0
plural,index.js,6,16,9,/[^aeiou]y$|quy$/i,/[^aeiou]y|quy$/i,Behavioral Change,Stryker,0
pull-stream,sources/values.js,416,21,10,,'',Behavioral Change,LLMorpheus,0
crawler-url-parser,crawler-url-parser.js,123,108,38,"""""","""Stryker was here!""",Behavioral Change,Stryker,0
Complex.js,complex.js,739,731,23,sinh,tanh,Behavioral Change,LLMorpheus,0
q,q.js,633,796,9,inspect === void 0,inspect !== void 0,Behavioral Change,LLMorpheus,0
crawler-url-parser,crawler-url-parser.js,232,161,57,/(\/[^\/]*)[\/]?$/,/(\/[^\/]*)[\/]?$/i,Equivalent,LLMorpheus,1
q,q.js,655,1045,33,"object.inspect().state === ""rejected""",true,Behavioral Change,Stryker,0
Complex.js,complex.js,718,727,50,2 * a,2 * b,Behavioral Change,LLMorpheus,0
node-jsonfile,index.js,39,50,19,"fs.readFileSync(file, options)","fs.readFileSync(file, options.throws)",Behavioral Change,LLMorpheus,0
delta,src/Delta.ts,125,89,9,length <= 0,length === 0,Behavioral Change,LLMorpheus,0
pull-stream,throughs/take.js,387,28,22,ended || end,ended && end,Behavioral Change,Stryker,0
node-geo-point,src/geo-point.ts,168,144,23,Number(bearing),bearing * 2,Behavioral Change,LLMorpheus,0
countries-and-timezones,src/build-timezone.js,54,30,17,Math.floor,Math.ceil,Behavioral Change,LLMorpheus,0
node-dirty,lib/dirty/dirty.js,30,70,28,false,true,Behavioral Change,Stryker,0
Complex.js,complex.js,1072,1244,9,Math.floor,Math.ceil,Behavioral Change,LLMorpheus,0
q,q.js,1060,1244,12,Q,Q.defer,Behavioral Change,LLMorpheus,0
node-dirty,lib/dirty/dirty.js,171,134,19,!('key' in row),!row.hasOwnProperty('key'),Equivalent,LLMorpheus,1
pull-stream,sinks/find.js,140,9,6,!cb,false,Behavioral Change,Stryker,0
crawler-url-parser,crawler-url-parser.js,137,102,19,currentUrl.url,currentUrl.host,Behavioral Change,LLMorpheus,0
node-jsonfile,utils.js,146,11,10,"content.replace(/^\uFEFF/, '')","content.replace(/^\uFEFF/gm, '')",Behavioral Change,LLMorpheus,0
q,q.js,434,604,29,"e.stack.substring(e.stack.indexOf(""\n"") + 1)",e.stack,Behavioral Change,Stryker,0
node-geo-point,src/geo-point.ts,118,156,22,sinφ1 * sinφ2,sinφ1 / sinφ2,Behavioral Change,Stryker,0
Complex.js,complex.js,910,989,38,2 * a,a + b,Behavioral Change,LLMorpheus,0
node-jsonfile,index.js,86,68,60,options,{},Behavioral Change,LLMorpheus,0
crawler-url-parser,crawler-url-parser.js,9,36,18,"currentUrlStr.replace(/#.*$/, '')","currentUrlStr.replace(/#.*$/, ' ')",Behavioral Change,LLMorpheus,0
crawler-url-parser,crawler-url-parser.js,224,156,6,pageurl.host == linkurl.host,pageurl.host == linkurl.host && pageurl.protocol == linkurl.protocol,Behavioral Change,LLMorpheus,0
zip-a-folder,lib/ZipAFolder.ts,8,40,63,f (o.compression === COMPRESSION_LEVEL.uncompressed),{},Behavioral Change,Stryker,0
pull-stream,pull.js,34,38,19,i < length,i <= length,Behavioral Change,Stryker,0
plural,index.js,270,103,7,String.prototype.plural === undefined,"String.prototype.plural = function (num) {
  return num > 1 ? this + 's' : this + 'ies';
}",Behavioral Change,LLMorpheus,0
node-dirty,lib/dirty/dirty.js,153,122,33,'\n','',Behavioral Change,LLMorpheus,0
spacl-core,src/matcher.ts,43,24,23,'Path contains malformed wildcards',"""""",Behavioral Change,Stryker,0
node-geo-point,src/geo-point.ts,25,42,9,latitude < -90,latitude <= -90,Behavioral Change,Stryker,0
delta,src/Delta.ts,643,511,13,typeof thisData === 'object',typeof thisData === 'object' && thisData !== null || typeof otherData === 'object',Behavioral Change,Stryker,0
pull-stream,sinks/find.js,154,22,8,err === true,false,Behavioral Change,Stryker,0
q,q.js,482,703,22,catch (reason),{},Behavioral Change,Stryker,0
crawler-url-parser,crawler-url-parser.js,22,40,35,/#.*$/,/#.*$/g,Behavioral Change,LLMorpheus,0
node-jsonfile,utils.js,127,5,10,str.replace,str.replaceAll,Equivalent,LLMorpheus,1
delta,src/Delta.ts,204,105,7,typeof attributes === 'object',true,Behavioral Change,Stryker,0
spacl-core,src/policymap.ts,171,39,29,name,name.toLowerCase(),Behavioral Change,LLMorpheus,0
node-geo-point,src/geo-point.ts,81,89,9,!object.hasOwnProperty('latitude') || !object.hasOwnProperty('longitude'),false,Equivalent,Stryker,1
node-geo-point,src/geo-point.ts,50,61,27,'GeoPoint: Argument must be an object',"""""",Behavioral Change,Stryker,0
pull-stream,util/prop.js,452,5,34,'function' === typeof key.exec,true,Behavioral Change,Stryker,0
node-geo-point,src/geo-point.ts,249,201,12,"GeoPoint.calculateDestination(this, distance, bearing)","GeoPoint.calculateDestination(this, distance, bearing * 2)",Behavioral Change,LLMorpheus,0
q,q.js,864,1564,31,"""keys""","""""",Behavioral Change,Stryker,0
spacl-core,src/rule.ts,185,25,24,verbs,verbs.values(),Equivalent,LLMorpheus,1
Complex.js,complex.js,259,260,28,parseFloat,Number,Behavioral Change,LLMorpheus,0
countries-and-timezones,src/index.js,138,32,7,!timezones[name],timezones[name] === undefined,Equivalent,LLMorpheus,1
Complex.js,complex.js,370,339,11,this['isInfinite']() || z['isInfinite'](),this['isInfinite']() && z['isInfinite'](),Behavioral Change,Stryker,0
plural,index.js,97,28,9,/[^aeiouy]o$/i,/[^aeiouy]o$/g,Equivalent,LLMorpheus,1
Complex.js,complex.js,995,1085,37,'im',"""""",Behavioral Change,Stryker,0
Complex.js,complex.js,1050,1230,9,Math.ceil,Math.abs,Behavioral Change,LLMorpheus,0
pull-stream,pull.js,48,22,22,"pull(read, ref[0], ref[1])","pull(read, ref[0], ref[1], ref[2])",Behavioral Change,LLMorpheus,0
node-dirty,lib/dirty/dirty.js,131,182,9,!this._queue.size || this._waitForDrain,false,Behavioral Change,Stryker,0
q,q.js,706,1094,9,!trackUnhandledRejections,true,Behavioral Change,Stryker,0
node-dirty,lib/dirty/dirty.js,88,134,36,f (!('key' in row)),{},Behavioral Change,Stryker,0
Complex.js,complex.js,988,1082,12,b !== 0,false,Behavioral Change,Stryker,0
pull-stream,pull.js,31,34,38,'function',"""""",Behavioral Change,Stryker,0
node-geo-point,src/geo-point.ts,7,46,9,longitude < -180 || longitude > 180,longitude < -180 || longitude > 180 || longitude === 180,Behavioral Change,LLMorpheus,0
crawler-url-parser,crawler-url-parser.js,52,43,42,/^(?!(?:\w+:)?\/\/)/,/^(?!(?:\w+:)\/\/)/,Behavioral Change,Stryker,0
q,q.js,725,1103,21,atReport !== -1,true,Behavioral Change,Stryker,0
node-geo-point,src/geo-point.ts,187,149,40,φ1,Math.PI,Behavioral Change,LLMorpheus,0
node-dirty,lib/dirty/dirty.js,257,189,60,err,new Error(),Behavioral Change,LLMorpheus,0
pull-stream,sources/once.js,354,10,10,,undefined,Behavioral Change,LLMorpheus,0
Complex.js,complex.js,1051,1140,15,d !== 0,true,Behavioral Change,Stryker,0
node-dirty,lib/dirty/dirty.js,115,167,28,false,true,Behavioral Change,Stryker,0
node-geo-point,src/geo-point.ts,119,157,16,"λ1 + atan2(y, x)","λ1 - atan2(y, x)",Behavioral Change,Stryker,0
q,q.js,588,704,25,reason,undefined,Behavioral Change,LLMorpheus,0
spacl-core,src/rule.ts,192,35,5,f,"for (const verb of verbs.values()) {
  this.verbs[verb] = false;
}",Equivalent,LLMorpheus,1
plural,index.js,133,76,7,num !== 1 || num === undefined,true,Behavioral Change,Stryker,0
Complex.js,complex.js,902,992,9,-2 * sinh(a),-2 / sinh(a),Behavioral Change,Stryker,0
node-jsonfile,index.js,20,25,11,"JSON.parse(data, options ? options.reviver : null)","JSON.parse(data, options ? options.reviver : {})",Behavioral Change,LLMorpheus,0
Complex.js,complex.js,239,230,44,c === '\n',false,Behavioral Change,Stryker,0
crawler-url-parser,crawler-url-parser.js,222,185,5,!module.parent,false,Behavioral Change,Stryker,0
plural,index.js,253,83,11,type(rule[0]) === 'String' && rule[0] === word,rule[0] === word,Behavioral Change,LLMorpheus,0
node-geo-point,src/geo-point.ts,9,60,9,!isObject(point),point.type !== 'Point',Behavioral Change,LLMorpheus,0
node-geo-point,src/geo-point.ts,35,46,9,longitude < -180 || longitude > 180,longitude < -180 && longitude > 180,Behavioral Change,Stryker,0
delta,src/Delta.ts,586,456,51,op.retain !== null,true,Behavioral Change,Stryker,0
node-dirty,lib/dirty/dirty.js,203,152,32,new Error(`Corrupted row at the end of the db: ${buffer}`),new Error(`Corrupted row at the end of the db: ${buffer.toUpperCase()}`),Behavioral Change,LLMorpheus,0
countries-and-timezones,src/build-country.js,0,5,7,!name,name === undefined,Equivalent,LLMorpheus,1
pull-stream,sources/values.js,375,7,36,abort,!abort,Behavioral Change,LLMorpheus,0
pull-stream,sinks/drain.js,164,28,17,console.warn,console.info,Behavioral Change,LLMorpheus,0
node-dirty,lib/dirty/dirty.js,146,122,15,chunk.lastIndexOf('\n') === -1,chunk.lastIndexOf('\n') === 0,Behavioral Change,LLMorpheus,0
node-dirty,lib/dirty/dirty.js,199,152,23,'error','end',Behavioral Change,LLMorpheus,0
pull-stream,throughs/take.js,658,24,51,ended,!ended,Behavioral Change,LLMorpheus,0
